bank_id,name,country
1,Hicks-Romero,Italia
2,Stone-Holmes,Italia
3,"Mitchell, Orr and Rich",Canada
4,"Watson, Nelson and Smith",Marocco
5,Figueroa PLC,Afghanistan
6,Garcia-Martin,Australia
7,Wells Group,Filippine
8,Wilson and Sons,Marocco
9,"Smith, Kennedy and Williams",Filippine
10,Smith LLC,Australia
11,Lane-Rivas,Marocco
12,Martinez Ltd,Marocco
13,"Gibson, Butler and Martin",Australia
14,Butler and Sons,Italia
15,"Henry, Snyder and Berry",Canada
16,"Schmidt, Terry and Barber",Australia
17,Williams-Wilson,Afghanistan
18,Jones-Jones,Filippine
19,Smith-Johnson,Filippine
20,"Richardson, Rogers and Rogers",Canada
21,"Shelton, Yu and Blake",Canada
22,Hawkins LLC,Marocco
23,Martinez-Ramos,Marocco
24,Parks Ltd,Italia
25,Harper Inc,Filippine
26,"Trevino, Brown and Mcdaniel",Marocco
27,Moran Group,Marocco
28,Atkins-Jackson,Australia
29,Berry Inc,Italia
30,"Wright, Delgado and Klein",Italia
31,"Johnson, Boyd and Gutierrez",Australia
32,Mccall LLC,Marocco
33,Arnold-Young,Canada
34,"Holmes, Floyd and Duke",Canada
35,"Weber, Myers and West",Canada
36,Sawyer Group,Canada
37,Rowe Ltd,Australia
38,"Jones, Wilson and Scott",Marocco
39,Sullivan Ltd,Australia
40,Mccarty LLC,Australia
41,Orozco LLC,Filippine
42,Browning-Harding,Filippine
43,"Molina, Carey and Rodriguez",Italia
44,"Mack, Cisneros and Norris",Afghanistan
45,Reed-Swanson,Canada
46,Daniel-Church,Afghanistan
47,Gibbs Group,Filippine
48,Taylor Inc,Australia
49,Shaffer-Davis,Filippine
50,Little LLC,Australia
51,Perry PLC,Marocco
52,Mejia-Lewis,Italia
53,Mueller-Thompson,Canada
54,Long Group,Afghanistan
55,Thomas-Carpenter,Australia
56,"Mendoza, Castaneda and Walter",Filippine
57,"Jones, Dorsey and Schroeder",Italia
58,Norris PLC,Canada
59,Brown-Walters,Australia
60,"Whitaker, Farrell and Wells",Canada
61,Thompson-Wolf,Marocco
62,Mooney Group,Australia
63,Garcia-Jones,Italia
64,Tapia Inc,Italia
65,"Armstrong, King and Thomas",Australia
66,Green-Yoder,Italia
67,Lopez PLC,Afghanistan
68,Cruz PLC,Italia
69,Martinez Ltd,Australia
70,Miller-Brooks,Canada
71,Jackson-Scott,Afghanistan
72,Marquez-Reyes,Australia
73,Rodriguez and Sons,Afghanistan
74,Harper-Carlson,Filippine
75,Schroeder Inc,Italia
76,"Stephens, Salazar and Farrell",Afghanistan
77,Davis Inc,Canada
78,Huerta-Smith,Marocco
79,Friedman-Lewis,Canada
80,"Chapman, Weaver and Robinson",Italia
81,Wallace-Brooks,Filippine
82,Cole Ltd,Filippine
83,"Ramirez, Wiley and Sanchez",Australia
84,Mora Ltd,Marocco
85,Newman Group,Canada
86,Tucker-Nichols,Marocco
87,Hayes-Diaz,Italia
88,Martinez-Hester,Canada
89,Sanchez-Fletcher,Canada
90,Mayo LLC,Australia
91,Lewis-White,Canada
92,Nguyen PLC,Marocco
93,"Stone, Turner and Armstrong",Filippine
94,"Sanchez, Sims and Waters",Australia
95,Ramos-Randall,Marocco
96,"Baird, Campbell and Peterson",Australia
97,Hendrix LLC,Filippine
98,"Jackson, Thompson and Potter",Filippine
99,Harris-Maxwell,Canada
100,"Cruz, Frazier and Mann",Afghanistan
101,Brown Inc,Australia
102,"Patel, Arnold and Fisher",Canada
103,Williams-Lee,Canada
104,Sanchez-Davis,Canada
105,"Wilson, Williamson and Garcia",Afghanistan
106,Mora-Barnes,Filippine
107,"Woods, Green and Barnes",Australia
108,"Coffey, Jones and Griffith",Filippine
109,Hanna-Young,Afghanistan
110,"Holt, Pierce and Arnold",Italia
111,Myers-Rose,Afghanistan
112,Levine and Sons,Canada
113,"Freeman, Fowler and Quinn",Filippine
114,"Fisher, Simmons and Carr",Afghanistan
115,Brown PLC,Canada
116,Mccoy Ltd,Filippine
117,Burke Ltd,Australia
118,"Moreno, Fuller and Gibson",Australia
119,"Banks, Levy and Nguyen",Marocco
120,Townsend LLC,Afghanistan
121,"Adams, Dunlap and Morgan",Italia
122,"Washington, Harvey and Patton",Marocco
123,Taylor-Duran,Italia
124,Carson Ltd,Italia
125,"Robinson, Costa and Murphy",Canada
126,Coleman LLC,Filippine
127,Daniels Group,Italia
128,Green-Gill,Filippine
129,"Goodman, Alexander and Stewart",Italia
130,"Melton, Ellison and Smith",Canada
131,Paul-Kaufman,Marocco
132,Cooper-Clark,Marocco
133,Nichols-Boyd,Afghanistan
134,"Wright, West and Odonnell",Australia
135,"Kaufman, Payne and Lewis",Canada
136,"Garcia, Smith and Brown",Italia
137,Cantu Inc,Italia
138,Phillips-Delgado,Filippine
139,"Wallace, Moreno and Watkins",Filippine
140,Stanley PLC,Canada
141,Richardson and Sons,Australia
142,Pittman-Norris,Italia
143,Lopez PLC,Australia
144,Sutton Ltd,Italia
145,"Peters, Rodriguez and Mcmillan",Afghanistan
146,"Woods, Petty and Newton",Filippine
147,Ryan-Austin,Italia
148,Hayes Inc,Canada
149,Ortiz-Wise,Australia
150,"Smith, Scott and Walker",Afghanistan
151,"Small, Miller and Vargas",Australia
152,"Neal, Castro and Wilson",Italia
153,"Hahn, Nixon and Glover",Italia
154,Barnes Inc,Afghanistan
155,Stewart-Higgins,Australia
156,Gilmore Group,Filippine
157,"Ho, Moore and Bailey",Australia
158,"Martin, Stewart and Edwards",Australia
159,"Blevins, Meyer and Robinson",Filippine
160,Perez PLC,Filippine
161,Fry LLC,Italia
162,Morgan Group,Afghanistan
163,"Russell, Wade and Kirby",Australia
164,Adkins LLC,Marocco
165,Wilcox-Shaw,Canada
166,Ramirez-Thomas,Australia
167,Rhodes-Fernandez,Canada
168,Howard Inc,Canada
169,Kelly-Campbell,Canada
170,"Moore, Estes and Shields",Australia
171,Burke LLC,Australia
172,"Fernandez, Ruiz and Miller",Italia
173,Rich-Stevens,Filippine
174,Fuller Inc,Australia
175,"Wilson, Thomas and Phillips",Filippine
176,Miller PLC,Canada
177,King LLC,Australia
178,Douglas-Schneider,Marocco
179,"Sellers, Bryan and Ali",Filippine
180,Clark and Sons,Afghanistan
181,Gonzalez-Mclaughlin,Australia
182,"Armstrong, Kim and Baker",Australia
183,Booth Group,Australia
184,Zavala PLC,Afghanistan
185,Garza Ltd,Filippine
186,Ortiz-Cunningham,Canada
187,"Powers, Rodriguez and Lopez",Afghanistan
188,Obrien Group,Canada
189,Blackburn Inc,Italia
190,"Young, Johnson and Martinez",Afghanistan
191,"Martinez, Freeman and Sharp",Filippine
192,Tyler Group,Marocco
193,Curtis-Hall,Australia
194,Flores-Marshall,Filippine
195,Bryant Inc,Italia
196,"Holder, Rodriguez and Gates",Canada
197,"Weaver, Smith and Weaver",Afghanistan
198,Anderson-White,Marocco
199,"Patton, Hicks and Nielsen",Italia
200,Hampton LLC,Marocco
201,"Mcgee, Chavez and Lee",Italia
202,"Garcia, Jones and Schroeder",Australia
203,Johnson-King,Australia
204,Acosta and Sons,Australia
205,Bowman LLC,Marocco
206,Smith Group,Australia
207,Carlson-Wright,Marocco
208,Moody-Morris,Marocco
209,Parker Ltd,Filippine
210,Morrison-Nguyen,Canada
211,"Ward, Knight and Norris",Italia
212,Thomas-Stuart,Filippine
213,Vasquez LLC,Filippine
214,Murphy-Sutton,Marocco
215,"Freeman, Farmer and Hernandez",Canada
216,"Coleman, Gonzales and Coleman",Australia
217,Walters LLC,Australia
218,"Rivera, Vasquez and Mcintyre",Italia
219,Oneal-Chapman,Marocco
220,"Cordova, Barron and Kirby",Filippine
221,Parker-Ellis,Afghanistan
222,Williamson-Jones,Italia
223,"Wright, Vargas and Garcia",Canada
224,"Thomas, Morgan and Taylor",Filippine
225,"Reid, Hayes and Brandt",Filippine
226,"Richardson, Burke and Salazar",Marocco
227,Hickman-Adams,Italia
228,"Hayes, Davis and Krueger",Afghanistan
229,Williams and Sons,Filippine
230,"Tran, Williams and Flowers",Filippine
231,"Payne, Neal and Richardson",Marocco
232,Allen Inc,Australia
233,"Lynch, Terry and Oliver",Afghanistan
234,"Riddle, Stephens and Archer",Afghanistan
235,"Arnold, Matthews and Jordan",Canada
236,"Simmons, Hall and Garner",Marocco
237,Norris-Parks,Italia
238,Simmons PLC,Marocco
239,Butler-Santos,Marocco
240,Merritt-Brown,Australia
241,Floyd-Smith,Afghanistan
242,"Peters, Gray and Madden",Canada
243,Davis Inc,Australia
244,Steele-Lee,Afghanistan
245,Owen and Sons,Italia
246,Perez-Schultz,Australia
247,Baldwin Group,Italia
248,"Flowers, Delacruz and Jensen",Australia
249,Goodman-Hall,Afghanistan
250,"Robinson, Smith and Daniels",Afghanistan
251,"Shelton, Sullivan and Montgomery",Afghanistan
252,Snow-Jones,Canada
253,Williams PLC,Australia
254,"Rodriguez, Williams and Hammond",Filippine
255,"Jackson, Kelly and Montoya",Marocco
256,Robinson-Kirby,Australia
257,Rogers-Porter,Australia
258,"Moreno, Chavez and Holmes",Marocco
259,"Campbell, Carpenter and Day",Afghanistan
260,"Gibbs, Valdez and Poole",Canada
261,Ellis Ltd,Afghanistan
262,Miller-Pierce,Marocco
263,Ramsey-Scott,Filippine
264,Young Ltd,Italia
265,Vega PLC,Afghanistan
266,Dudley-Kaiser,Italia
267,Martinez-Harris,Canada
268,Morris Ltd,Italia
269,Martinez PLC,Canada
270,"Walters, Fernandez and Boyer",Canada
271,Larson-Richardson,Afghanistan
272,Oneal Group,Italia
273,"Waller, Jones and Schultz",Australia
274,Butler-Mosley,Afghanistan
275,"Mora, Roth and Reed",Australia
276,Brown Group,Afghanistan
277,Hall Group,Canada
278,Martinez PLC,Marocco
279,Rodriguez PLC,Filippine
280,Gonzalez-Brown,Australia
281,Boyd Inc,Canada
282,"Cook, Bonilla and Craig",Australia
283,Khan LLC,Filippine
284,Walsh Group,Filippine
285,"Roy, Kim and Smith",Canada
286,Reyes-Swanson,Afghanistan
287,Thomas Group,Australia
288,Rogers PLC,Afghanistan
289,"Thomas, Wilson and Davis",Afghanistan
290,Campbell and Sons,Marocco
291,"Snyder, Bradley and Obrien",Italia
292,Fuentes-Mosley,Italia
293,Smith PLC,Afghanistan
294,"Fox, Bowman and Hess",Canada
295,"Ramirez, Coffey and Reynolds",Afghanistan
296,"Wagner, Smith and Walsh",Canada
297,Smith Inc,Canada
298,"Lopez, Gonzales and Jones",Canada
299,"Boone, Doyle and Pham",Marocco
300,"Robertson, Brown and Hopkins",Australia
301,Johnson-Adkins,Filippine
302,"Boyd, Woods and Salazar",Italia
303,Holland LLC,Australia
304,Sweeney-Valdez,Filippine
305,Brown-Riley,Australia
306,Jones PLC,Filippine
307,Ryan-Reese,Canada
308,"Holden, Richards and Strickland",Canada
309,Kerr-Chavez,Australia
310,Johnson-Beltran,Canada
311,Reed-Friedman,Afghanistan
312,"Lopez, Norris and Davila",Australia
313,"Shaffer, Rogers and Green",Italia
314,Brown Inc,Afghanistan
315,"Reid, Jones and Nichols",Australia
316,"Larsen, Bray and Martin",Canada
317,Kane Ltd,Filippine
318,"Hernandez, Brown and Sanders",Filippine
319,Velazquez-Freeman,Afghanistan
320,"Rosales, Tran and Smith",Australia
321,Hawkins Inc,Canada
322,"Johnson, Figueroa and Young",Canada
323,Roberts-Tyler,Afghanistan
324,Black-Thomas,Italia
325,Rodriguez-Smith,Afghanistan
326,"Navarro, Ruiz and Osborne",Canada
327,Brady LLC,Afghanistan
328,Kirby-Ashley,Filippine
329,"Welch, Larsen and Davis",Filippine
330,Horn-Taylor,Filippine
331,"Hampton, Cantrell and Murphy",Afghanistan
332,"Garrett, West and Crawford",Canada
333,Williams-Buchanan,Australia
334,"Thompson, Spears and Johnson",Canada
335,Nash-Warren,Marocco
336,Armstrong-Shaffer,Canada
337,Horne Inc,Canada
338,Thomas Ltd,Canada
339,"Castillo, Hughes and Craig",Australia
340,"Osborne, Williams and Brown",Australia
341,Schultz-Miranda,Marocco
342,"Sanchez, Rodriguez and Miller",Italia
343,"Smith, Smith and Hall",Marocco
344,"Mendez, Bennett and Fernandez",Canada
345,Taylor-Bush,Afghanistan
346,"Cummings, Kennedy and Medina",Marocco
347,"Maddox, Miller and Williams",Italia
348,Dawson-Wang,Canada
349,"Campbell, Sanders and Huff",Italia
350,"Lloyd, Gallagher and Dalton",Canada
351,Wilson PLC,Canada
352,Williams-Gardner,Australia
353,Hensley-Russell,Afghanistan
354,Young and Sons,Filippine
355,Scott LLC,Filippine
356,Rios Ltd,Afghanistan
357,Hoover Inc,Australia
358,Gomez PLC,Afghanistan
359,Ellison Inc,Afghanistan
360,Meza Inc,Italia
361,"Haley, Aguilar and Hughes",Australia
362,Phillips-Davis,Italia
363,"Gonzalez, Sharp and Ball",Afghanistan
364,"Rodriguez, Armstrong and Davis",Marocco
365,Aguilar Inc,Canada
366,Kemp-Johnson,Marocco
367,Nguyen-Ortiz,Marocco
368,Robinson-Goodwin,Canada
369,Beasley and Sons,Marocco
370,Fritz-Snyder,Canada
371,"Hanson, Gross and Pruitt",Afghanistan
372,Phillips Inc,Marocco
373,"Frederick, Turner and Coleman",Canada
374,"Hernandez, Adams and Erickson",Canada
375,"Brown, Klein and Gray",Marocco
376,Calderon PLC,Italia
377,Pearson Ltd,Canada
378,Peters and Sons,Italia
379,"Curry, Mason and Salazar",Afghanistan
380,Jones PLC,Filippine
381,Keller Inc,Australia
382,Russell LLC,Afghanistan
383,Dennis Ltd,Italia
384,Miller Ltd,Canada
385,Castillo Ltd,Afghanistan
386,Branch Inc,Canada
387,Davis-Schmidt,Australia
388,Harris Inc,Australia
389,"Webb, King and Chambers",Italia
390,Tate LLC,Afghanistan
391,Gardner and Sons,Australia
392,Figueroa-Moore,Filippine
393,Davis Group,Afghanistan
394,Sanchez-Rios,Italia
395,Moore LLC,Filippine
396,Wood-Whitehead,Afghanistan
397,"Welch, Smith and Fields",Filippine
398,Martinez and Sons,Australia
399,"Craig, Baker and Gordon",Afghanistan
400,Lynch Inc,Marocco
401,"Moore, Sandoval and Moore",Filippine
402,Hunter Group,Canada
403,Richardson Inc,Italia
404,Rodriguez and Sons,Australia
405,Rivera-Powell,Italia
406,"Cole, Martinez and Carey",Canada
407,Aguilar-Burgess,Canada
408,Wilson-Watson,Filippine
409,"Walter, Brown and Craig",Canada
410,Perkins-Campbell,Canada
411,"Jones, James and Phillips",Italia
412,Hernandez-Smith,Italia
413,Alexander-King,Australia
414,Singh Ltd,Australia
415,"Black, Andersen and Morgan",Filippine
416,Farmer Inc,Afghanistan
417,"Maddox, Aguirre and Cook",Afghanistan
418,Reese-Cabrera,Australia
419,Henry Inc,Australia
420,"Sullivan, Washington and Davis",Marocco
421,"Parker, Sanchez and Morrison",Afghanistan
422,Lee-Rojas,Filippine
423,Young PLC,Marocco
424,Chapman and Sons,Filippine
425,Wallace Ltd,Canada
426,Navarro Ltd,Afghanistan
427,"Wallace, Carlson and Mitchell",Australia
428,Terry-Gregory,Marocco
429,Hill Inc,Filippine
430,"Smith, Shaw and Armstrong",Canada
431,"Green, Chavez and Maldonado",Italia
432,Austin-Jimenez,Afghanistan
433,Torres-Hill,Canada
434,Hahn Group,Afghanistan
435,Orozco and Sons,Filippine
436,Williams PLC,Canada
437,Cooper Ltd,Filippine
438,Mills PLC,Italia
439,"Huff, Vang and Gutierrez",Italia
440,"Smith, Miller and Young",Australia
441,Jones PLC,Italia
442,Phelps-Moran,Marocco
443,Edwards-Garcia,Italia
444,"Gentry, Pierce and Rios",Marocco
445,"Sanders, Sanchez and Brown",Italia
446,"Ramsey, Stuart and Nolan",Australia
447,Griffin LLC,Afghanistan
448,Kim-Mccarthy,Australia
449,Carter-Murphy,Marocco
450,Larson LLC,Filippine
451,Silva-Martinez,Italia
452,Murphy Ltd,Filippine
453,Farmer-Ray,Italia
454,"Davidson, West and White",Marocco
455,"Nelson, Lee and Romero",Afghanistan
456,"Moss, Mcdaniel and Rivera",Filippine
457,"Ross, Davis and Bishop",Marocco
458,"Contreras, Lewis and Davis",Filippine
459,Stone Group,Canada
460,Evans-Green,Italia
461,Lopez LLC,Canada
462,Hobbs Inc,Marocco
463,Barnett-Green,Marocco
464,Hancock-Watts,Afghanistan
465,"Golden, Wolfe and White",Italia
466,Perez and Sons,Canada
467,Castro Ltd,Afghanistan
468,Young-Whitehead,Australia
469,Hill-Martinez,Filippine
470,Ross-Wheeler,Australia
471,Simpson and Sons,Marocco
472,Lee-Sanchez,Filippine
473,Harrison-Frye,Marocco
474,Young LLC,Marocco
475,"Oconnor, Cruz and Howard",Marocco
476,"Fisher, Dillon and Rodriguez",Canada
477,"Kelly, Stewart and Vaughn",Filippine
478,Cole-Hicks,Canada
479,"Green, Ruiz and Lane",Filippine
480,Holden-Parker,Marocco
481,Edwards-Murphy,Filippine
482,Beck-Henry,Italia
483,Vang-Friedman,Filippine
484,Rich-Esparza,Canada
485,Huang Ltd,Italia
486,Heath Group,Canada
487,Fuller Inc,Filippine
488,Patterson-Vasquez,Marocco
489,Moore-Berry,Filippine
490,Jimenez Inc,Afghanistan
491,"Garcia, Rodriguez and Taylor",Canada
492,Berry Ltd,Italia
493,Smith Group,Filippine
494,Nash PLC,Italia
495,Pratt-Branch,Filippine
496,"Huang, Harris and Williams",Filippine
497,Hamilton LLC,Marocco
498,"Sims, Short and Kramer",Afghanistan
499,Taylor-Hill,Filippine
500,Waters-Holland,Afghanistan
